z_tone,z_gold,z_mat,z_hard,z_force,z_vol,vol_ratio,log_vol,slope21_tone,events_week,пара,день_X,метка,название,файл,дней
-2.0723788635947065,-1.2778890482485714,-2.811381856237747,-1.469369397114194,-2.0115333426961195,1.143263347575716,1.174571140262361,4.420560298676125,-0.07004451886282075,582.0,AFG-PAK,2025-02-21,0,контроль к «Афгано-пакистанская война» (−1 г.),AFG-PAK_2025-02-21_control.csv,60
1.3387218529367229,5.420681568838432,6.501168931657621,2.547063094617706,3.9766855295277574,0.320880447943222,1.0640937284631289,4.0099272204095175,0.06501067253631987,386.0,AFG-PAK,2026-02-21,1,Афгано-пакистанская война,AFG-PAK_2026-02-21.csv,60
0.8412842729064993,0.5464518702916334,0.34841584583070795,0.8624340191958516,0.2555644979266161,-0.14010845178347534,0.9525909592061741,4.122515439188797,0.07505208286891824,432.0,ARM-AZE,2015-04-02,0,контроль к «Четырёхдневная война» (−1 г.),ARM-AZE_2015-04-02_control.csv,60
-0.565942567138341,0.7406381801721149,0.8355993543128108,0.7617270770540354,1.3053891751104174,1.0513771194283164,1.2871870397643594,4.1340230460402765,-0.055858395166303317,437.0,ARM-AZE,2016-04-01,1,Четырёхдневная война,ARM-AZE_2016-04-01.csv,60
1.1618118753771804,1.7413013375483846,0.7140367675466635,0.8144527402207697,-0.6355056337738596,-0.1435328688386369,0.9405940594059405,3.3011139231051727,-0.044855473678661016,190.0,ARM-AZE,2019-07-13,0,контроль к «Бои в Товузском районе» (−1 г.),ARM-AZE_2019-07-13_control.csv,60
1.1275408703807208,0.2855266556614494,1.0462230253663585,1.695209254950229,3.621409133881854,6.571373962186906,2.121212121212121,3.8066624897703196,0.028472178744089065,315.0,ARM-AZE,2019-09-28,0,контроль к «Вторая карабахская война» (−1 г.),ARM-AZE_2019-09-28_control.csv,60
-2.35748989192298,-0.9616580126818276,-0.6866373708961808,-0.7321945605471278,-0.2890899385159155,0.42719605036385866,1.1155378486055778,2.995732273553991,-0.001468349828920437,140.0,ARM-AZE,2020-05-12,0,контроль к «Приграничный кризис 2021» (−1 г.),ARM-AZE_2020-05-12_control.csv,60
0.7117247367767644,-1.197213779691918,-2.4222618036927432,-1.69931980658654,-0.3918075885914066,1.0147589586394026,1.1970074812967582,2.841581593726733,0.018989774690491595,120.0,ARM-AZE,2020-07-12,1,Бои в Товузском районе,ARM-AZE_2020-07-12.csv,60
1.2152597736648907,-1.5207140828368113,-1.9959060903111243,-1.2258021805546175,-1.9774425278640517,1.8749798908742226,1.9031993437243644,4.4171179544851515,0.05256700186586773,580.0,ARM-AZE,2020-09-27,1,Вторая карабахская война,ARM-AZE_2020-09-27.csv,60
0.602555345314304,-0.33492584506894296,-0.7045977739771222,-0.45236593079937676,-0.9588698966093951,-1.3574598855068198,0.7664041994750657,3.7308436532129683,-0.03374314474414587,292.0,ARM-AZE,2021-05-12,1,Приграничный кризис 2021,ARM-AZE_2021-05-12.csv,60
-3.101368282721996,-2.9183202989005506,-2.736442753554856,-3.5047008975331986,-3.3325356635696934,-0.7518138303035936,0.8544973544973545,3.8317421741673434,-0.022534887018604906,323.0,ARM-AZE,2021-09-12,0,контроль к «Столкновения сентября 2022» (−1 г.),ARM-AZE_2021-09-12_control.csv,60
1.4857796551433466,1.3912903355238007,1.7550707067410356,1.4793719135704044,1.5141132995727575,0.8366982016750852,1.3628088426527958,4.3155815352657285,0.07468685434223259,524.0,ARM-AZE,2022-09-12,1,Столкновения сентября 2022,ARM-AZE_2022-09-12.csv,60
-1.3759019031901378,1.3016657371885314,-0.5,0.0,0.0,-0.6320673844678713,0.6808510638297872,0.13353139262452257,-0.13367216168183882,8.0,BTN-CHN,2017-06-16,1,Доклам,BTN-CHN_2017-06-16.csv,57
0.7883119415074615,0.7359695304685192,0.7068211429832693,-0.7503163207506678,1.0000000000000002,1.5838567974530435,1.6296296296296295,3.2245738459828384,0.026340691382995288,176.0,CHN-IND,2013-09-16,0,контроль к «Чумар» (−1 г.),CHN-IND_2013-09-16_control.csv,60
-0.9275992686713616,-1.0987128657816354,-1.041966680923842,-1.5427118876312111,-1.5306448964225623,3.7177685369607,4.775716694772344,4.616533944638406,-0.008570302031769454,708.0,CHN-IND,2014-09-16,1,Чумар,CHN-IND_2014-09-16.csv,60
1.2364384904751435,3.2755094327102725,1.1600596924970346,1.5656923153672087,-1.3496128946103547,-1.0715949469322075,0.609202851587816,3.5136753650888455,0.07610932655509636,235.0,CHN-IND,2016-06-16,0,контроль к «Доклам» (−1 г.),CHN-IND_2016-06-16_control.csv,60
0.0564598931091068,0.24666953947031373,1.0003434417060246,0.10343221854417246,-0.3836078029777084,-0.9558023939508115,0.7879799666110184,3.5179216559702966,0.02683641435077062,236.0,CHN-IND,2017-06-16,1,Доклам,CHN-IND_2017-06-16.csv,60
0.5769857317849464,1.0526652072708857,-0.1286500419770791,3.04033770003626,3.192572221787529,2.224839069427276,1.7374517374517375,3.470190253149107,0.06082604648959944,225.0,CHN-IND,2019-06-16,0,контроль к «Долина Галван» (−1 г.),CHN-IND_2019-06-16_control.csv,60
-0.15258745473875324,-0.9780281153373934,-1.7245573252301358,-1.3731074097497178,-1.2977923960050672,-0.44912686319837614,0.8438709677419356,3.84405002184194,-0.031155583559048135,327.0,CHN-IND,2020-06-15,1,Долина Галван,CHN-IND_2020-06-15.csv,60
-2.3864212026510745,-1.6129739973520132,-0.4206096222426596,-0.2438195106316885,-0.30878849220022125,-0.5751775743285137,0.7906976744186045,2.2735975561207935,-0.032145153885188266,68.0,CHN-IND,2021-12-09,0,контроль к «Янцзы (Таванг)» (−1 г.),CHN-IND_2021-12-09_control.csv,60
0.15973794231846183,-1.0258331881231575,-2.027363684388965,-0.8084670668592882,-0.5502279318612692,3.1336091450787267,1.8924731182795698,2.531426665422893,0.11967452209828795,88.0,CHN-IND,2022-12-09,1,Янцзы (Таванг),CHN-IND_2022-12-09.csv,58
-1.59542230751273,1.1836760742120453,-0.02897410468545079,-0.6883744187435636,-0.6571318233941849,-0.3435390173332739,0.8870748299319727,3.147840051751449,-0.03080723400771759,163.0,CHN-VNM,2014-05-01,1,Платформа HYSY-981,CHN-VNM_2014-05-01.csv,60
-0.7630897560941273,1.121588628508785,1.4200269226616578,1.457963817504914,1.2305253200380464,1.1261867919946713,2.225563909774436,2.3581549441488563,-0.4090734746564427,74.0,COD-RWA,2024-01-24,0,контроль к «Наступление на Гому» (−1 г.),COD-RWA_2024-01-24_control.csv,60
0.4267658402990757,-0.415298462083861,-1.8812721170069122,-0.7034575817841491,-1.3480471689132045,0.5142203954183783,1.1546391752577319,2.0794415416798357,0.0903886605719116,56.0,COD-RWA,2025-01-23,1,Наступление на Гому,COD-RWA_2025-01-23.csv,59
4.187970408852108,1.6579617485503857,6.683696988354702,0.0,0.0,0.8755168930209289,1.2664907651715038,2.841581593726733,0.2589115968137869,120.0,ETH-SDN,2019-12-16,0,контроль к «Аль-Фашага» (−1 г.),ETH-SDN_2019-12-16_control.csv,60
-2.358494890255912,0.16400323678565581,0.036839744904809096,0.13985313814001707,3.172300603538395,0.3558565758136738,1.0771704180064308,4.561367563329698,-0.04425013153951786,670.0,ETH-SDN,2020-12-15,1,Аль-Фашага,ETH-SDN_2020-12-15.csv,60
1.0216073362973308,-0.8865521239483677,-0.9891533894636748,-1.0085816494613458,-0.6602910082006266,1.148645456533947,2.1251629726205996,4.757277964185549,0.08923281213038785,815.0,FRA-SYR,2017-04-14,0,контроль к «Удары по объектам ОМУ в Сирии» (−1 г.),FRA-SYR_2017-04-14_control.csv,60
0.39577987616177235,1.5412133699027453,-0.09759401214975502,0.5395588127340493,1.7598173825406873,3.276077548750451,5.081893313298273,5.487165199843267,0.05136495629031486,1691.0,FRA-SYR,2018-04-14,1,Удары по объектам ОМУ в Сирии,FRA-SYR_2018-04-14.csv,60
1.4462565347646943,3.3989741621840617,1.4172809920337837,1.47331142232665,-0.25658455629612376,2.2860122437756014,4.25062299750801,6.055444876771389,0.08219209478198648,2985.0,GBR-SYR,2017-04-14,0,контроль к «Удары по объектам ОМУ в Сирии» (−1 г.),GBR-SYR_2017-04-14_control.csv,60
1.4226263793778575,0.3650937256089771,0.08564673584853398,0.04838245398468309,0.047022850798983905,3.676605705835902,6.031878031878032,5.73933345892052,0.00894978390914195,2176.0,GBR-SYR,2018-04-14,1,Удары по объектам ОМУ в Сирии,GBR-SYR_2018-04-14.csv,60
-0.40254662637818645,0.9903827797101299,0.9879661303631248,1.4564556253726182,0.4845416404175889,-0.14265642876991733,0.8600682593856656,3.9889840465642745,-0.08593455235382608,378.0,IND-PAK,2018-02-26,0,контроль к «Балакот и ответ Пакистана» (−1 г.),IND-PAK_2018-02-26_control.csv,60
1.4796004353485992,1.4973191789027116,1.4773377216317818,0.4709855388187343,0.7272220892055262,1.659432878838519,2.708816297857394,5.6183283261151775,0.23119908001751,1928.0,IND-PAK,2019-02-26,1,Балакот и ответ Пакистана,IND-PAK_2019-02-26.csv,60
1.160001491521352,0.29680902927144454,0.1723485403720642,0.7739263189601449,0.9010075907011867,1.0086956426040599,1.1065182829888711,3.2131451501592156,0.03375815876489082,174.0,IND-PAK,2024-05-07,0,"контроль к «Индия — Пакистан, операция «Синдур»» (−1 г.)",IND-PAK_2024-05-07_control.csv,60
1.0040809225313605,0.9825297233811284,2.527885506943362,0.3773491633818033,0.26114278000641955,1.1000216551883764,2.0757844878626406,5.523173735865921,0.1565691206119799,1753.0,IND-PAK,2025-05-07,1,"Индия — Пакистан, операция «Синдур»",IND-PAK_2025-05-07.csv,60
1.5316249232410593,2.7487401930805486,1.547636864645306,1.992526025288409,1.7632624476633485,1.346792811742606,1.3693495038588752,4.485420932878165,0.12114101996828058,621.0,IRN-ISR,2023-04-02,0,контроль к «Консульство в Дамаске и ответ Ирана» (−1 г.),IRN-ISR_2023-04-02_control.csv,60
-1.6810167351384635,-3.4447410677844945,-2.8203075436148355,-1.8076461897685816,-1.2825560349064984,1.5898895280689607,1.2034261241970023,4.385591700838378,-0.049613485727237804,562.0,IRN-ISR,2023-06-14,0,контроль к «Двенадцатидневная война» (−2 г.),IRN-ISR_2023-06-14_control.csv,60
-0.9731597052211568,-0.9415665701307688,-0.3586676005542684,-2.2391334637661613,-1.9198528169132216,-0.12792104009883745,0.934010152284264,3.9621727891136174,-0.1198063435347156,368.0,IRN-ISR,2023-10-02,0,контроль к ««Истинное обещание — 2»» (−1 г.),IRN-ISR_2023-10-02_control.csv,60
-0.08351673564043748,-0.3763480672430425,0.015616543249374273,0.2418334369300677,0.671994463316121,3.684983529896246,1.6462882096069869,4.679482218952643,-0.005697533458385719,754.0,IRN-ISR,2024-04-01,1,Консульство в Дамаске и ответ Ирана,IRN-ISR_2024-04-01.csv,60
0.4568066285518338,-1.1423226966457052,-1.0118563024372453,-0.8797859049163971,-0.5126425463194453,2.2138040760698527,2.7834567455300707,6.310697195570844,0.043179500620578085,3853.0,IRN-ISR,2024-10-01,1,«Истинное обещание — 2»,IRN-ISR_2024-10-01.csv,60
1.6844571751334938,2.4399250493859204,2.3830239123396395,1.8271600098081822,1.2058545106468819,-1.8294293975541458,0.6157744694330061,4.24029847484518,0.08578209337335883,486.0,IRN-ISR,2025-02-28,0,контроль к «Ирано-израильская война 2026» (−1 г.),IRN-ISR_2025-02-28_control.csv,60
-0.19044290684645224,1.2381093420834326,1.0664016571748582,1.136750584621393,1.9083755843803305,4.133550252777875,1.8134863701578194,5.419269976965699,0.011052620688420094,1580.0,IRN-ISR,2025-06-13,1,Двенадцатидневная война,IRN-ISR_2025-06-13.csv,60
-0.04247742999654589,1.2505083173782416,0.9155522705243679,0.7172233192746207,0.7080857600651665,-0.08098997274400299,0.9161091096242924,5.5384584942308175,0.05143195032178109,1780.0,IRN-ISR,2026-02-28,1,Ирано-израильская война 2026,IRN-ISR_2026-02-28.csv,60
-1.972650220448677,-1.6660701861866059,-1.7205917202606869,-0.7824915817249024,-0.6603381797442179,0.5439472469584471,1.1623931623931623,2.2735975561207935,-0.44439517232047365,68.0,IRN-PAK,2023-01-16,0,"контроль к «Иран — Пакистан, взаимные удары» (−1 г.)",IRN-PAK_2023-01-16_control.csv,60
0.43352143780163266,1.41111629582633,1.6155712600652723,6.342623491105267,10.716608612427574,1.4484411613712018,1.5663430420711972,2.849880396541428,0.22356582323782123,121.0,IRN-PAK,2024-01-16,1,"Иран — Пакистан, взаимные удары",IRN-PAK_2024-01-16.csv,60
-0.6032752022155639,-1.7050264086192215,-3.2975457342358747,-0.7668130328727697,-0.31853053292777234,-2.239850929749507,0.5278611945278612,4.727387818712341,-0.054514615738709776,791.0,IRN-USA,2019-01-03,0,контроль к «Сулеймани и удар по Айн-эль-Асад» (−1 г.),IRN-USA_2019-01-03_control.csv,60
3.507707798030195,3.2683944371671645,0.265418246102377,17.905783864460528,6.413740015734304,1.4902349316733543,1.86296855691336,6.1832648478564805,0.08864153159169953,3392.0,IRN-USA,2020-01-03,1,Сулеймани и удар по Айн-эль-Асад,IRN-USA_2020-01-03.csv,60
0.020307541803350215,0.09787249327946426,-0.06581771855912018,-1.5255218112201103,-1.7279663932515412,-1.7084750593276234,0.41723922548407244,3.865230843921387,-0.011171725860335371,334.0,IRN-USA,2024-06-13,0,контроль к «Двенадцатидневная война» (−1 г.),IRN-USA_2024-06-13_control.csv,60
-1.0599104915398776,-0.9462652212310741,-0.5531557908922525,-0.9968780859860142,-0.4127667482795786,-0.25994479787923347,0.881575080811049,4.674163057475043,-0.03189266789256909,750.0,IRN-USA,2025-02-28,0,контроль к «Ирано-израильская война 2026» (−1 г.),IRN-USA_2025-02-28_control.csv,60
4.739684445299251,1.4727329564759524,6.719256919565341,-0.0010639141392433178,-0.3430204459658199,1.709843166580675,1.1838514559009705,5.7056854248022875,0.07127633065595268,2104.0,IRN-USA,2025-06-13,1,Двенадцатидневная война,IRN-USA_2025-06-13.csv,60
-0.28969685949483936,-0.1264099244096417,-0.10311882996500375,-0.07293563956258711,-0.20996514720467957,0.922603322352803,1.2401671583087512,6.580242783732396,0.024286208814914244,5045.0,IRN-USA,2026-02-28,1,Ирано-израильская война 2026,IRN-USA_2026-02-28.csv,60
0.8405751839728367,1.0063327839762786,0.0,0.0,0.0,1.5803865595525852,1.5714285714285714,1.1451323043030026,0.04650269292166224,22.0,KGZ-TJK,2020-04-28,0,"контроль к «Киргизия — Таджикистан, апрель 2021» (−1 г.)",KGZ-TJK_2020-04-28_control.csv,58
9.257706509750872,-1.059825045358836,-0.5,0.0,0.0,0.36224322063043923,1.0232558139534884,1.550597412411167,0.23681009554416207,33.0,KGZ-TJK,2021-04-28,1,"Киргизия — Таджикистан, апрель 2021",KGZ-TJK_2021-04-28.csv,54
-0.981792335673873,-1.399416591491986,-0.748074053022241,-0.5,-0.5,1.9667918907326525,2.625,1.791759469228055,-0.290871227650566,42.0,KGZ-TJK,2021-09-14,0,"контроль к «Киргизия — Таджикистан, сент. 2022» (−1 г.)",KGZ-TJK_2021-09-14_control.csv,58
-0.2063820877973873,-0.8276458975004183,-0.5,-0.5,0.0,0.002760810950039879,0.8163265306122449,1.0498221244986776,0.03922561212755341,20.0,KGZ-TJK,2022-09-14,1,"Киргизия — Таджикистан, сент. 2022",KGZ-TJK_2022-09-14.csv,54
-4.935414441486023,0.15841920264201098,0.9261100288257131,-1.753592979919404,-0.8609460320922785,-0.8534741557574572,0.6153846153846153,1.455287232606842,-0.18084885176874335,30.0,KHM-THA,2024-05-28,0,контроль к «Стычка у храма Та Муэн Тхом» (−1 г.),KHM-THA_2024-05-28_control.csv,60
2.5682302996976447,4.815718096601237,2.6085429665367315,0.0,0.0,1.0266607413112914,1.1594202898550725,2.436116485618568,0.17848295210672144,80.0,KHM-THA,2024-12-07,0,"контроль к «Возобновление боёв, декабрь 2025» (−1 г.)",KHM-THA_2024-12-07_control.csv,60
1.451280923373037,0.7892981164816412,1.2299587622023034,4.214248301468817,2.672173913043478,-0.27480322592903106,0.5222929936305732,1.7676619176489945,0.028908925400430177,41.0,KHM-THA,2025-05-28,1,Стычка у храма Та Муэн Тхом,KHM-THA_2025-05-28.csv,60
0.4378241838540592,1.6663642928322189,3.146998441079207,-0.4623028251053132,-1.110123082505511,-1.178267028513261,0.2554701360141928,2.7362210780689065,-0.017457426731452654,108.0,KHM-THA,2025-12-07,1,"Возобновление боёв, декабрь 2025",KHM-THA_2025-12-07.csv,60
-0.2621533949708123,0.4078060215104402,-0.19015485144855016,-0.04416500741476195,-0.04416500741476195,1.4275660034655866,1.4926829268292683,3.0845277723371223,-0.02494817409211451,153.0,RUS-TUR,2014-11-24,0,контроль к «Сбитый Су-24» (−1 г.),RUS-TUR_2014-11-24_control.csv,60
1.7756758871544618,-0.6573687705700632,-1.2916960897488095,-1.2448540383615974,-1.1101629523795993,0.21832532535684895,1.0241071428571429,5.098994968074058,0.02411027590178053,1147.0,RUS-TUR,2015-11-24,1,Сбитый Су-24,RUS-TUR_2015-11-24.csv,60
-1.7084772047551182,0.3450707801759317,1.9877030016028612,-0.11582441037126556,1.2001248385281655,7.49115929733108,5.682926829268292,6.800965170514717,-0.020336642137946247,6291.0,RUS-UKR,2014-02-27,1,Аннексия Крыма,RUS-UKR_2014-02-27.csv,60
7.210987516301672,3.141792754605283,2.455812564142805,-0.09669731831435098,-0.19710393848676722,0.850320415901526,1.138057742782152,4.349355852384333,0.06747898145405984,542.0,RUS-UKR,2021-02-24,0,контроль к «Полномасштабное вторжение в Украину» (−1 г.),RUS-UKR_2021-02-24_control.csv,60
5.543859836995477,2.879904561229996,0.27429366614831957,6.825829658028121,4.8737002194059675,4.125625662193746,2.224761904761905,7.889726736572641,0.05843588841813636,18688.0,RUS-UKR,2022-02-24,1,Полномасштабное вторжение в Украину,RUS-UKR_2022-02-24.csv,60
-1.1551470668565504,0.5305075693048442,-0.7057308761552837,-0.13340817655315704,0.31838164107548506,0.13625186874374043,0.9948542024013721,5.228048170701481,-0.06638972889767555,1305.0,SYR-TUR,2019-02-27,0,контроль к «Операция «Весенний щит»» (−1 г.),SYR-TUR_2019-02-27_control.csv,60
-0.008617078593000755,0.5582915947503038,0.7056910964055962,0.6143457354042349,0.5255129293432198,0.5398614639194107,1.2462731067382231,6.104474304011708,-0.03510269447259421,3135.0,SYR-TUR,2020-02-27,1,Операция «Весенний щит»,SYR-TUR_2020-02-27.csv,60
-2.161117204143348,0.07330896683672443,0.5333025903951223,-0.1943693690002448,-0.22327592630409512,-0.9236353599388889,0.8197972884033171,5.404606022778685,-0.025680411378233296,1557.0,SYR-USA,2016-04-07,0,контроль к «Удар по авиабазе Шайрат» (−1 г.),SYR-USA_2016-04-07_control.csv,60
-3.5774522642138926,-2.6214147148139313,0.16698372209754356,-0.5913782461863573,-1.8447021476390417,0.9862307404920744,1.207747413106925,5.784264646190908,-0.036822796981147814,2276.0,SYR-USA,2016-04-14,0,контроль к «Удары по объектам ОМУ в Сирии» (−2 г.),SYR-USA_2016-04-14_control.csv,60
3.1246133239704306,0.685957847355931,-16.229854853940363,-1.2042019788261835,-0.3198879922702372,4.682371940053881,2.7659187386294724,6.479387027656387,0.07013211386515707,4561.0,SYR-USA,2017-04-07,1,Удар по авиабазе Шайрат,SYR-USA_2017-04-07.csv,60
1.7425847205623861,1.1435845951163908,0.7907509747970347,0.3077485382969163,-0.8190777861720777,4.115959891894761,5.4877536738978305,7.021339033796964,0.0658546657004923,7842.0,SYR-USA,2018-04-14,1,Удары по объектам ОМУ в Сирии,SYR-USA_2018-04-14.csv,60
0.5010867018894026,2.1173361154410753,1.8610677896017354,0.35929101569108224,2.0600051137207447,-0.6578210919247989,0.6518518518518519,2.9368917735310576,-0.028222993870506558,132.0,USA-VEN,2025-01-03,0,контроль к «Операция США против Мадуро» (−1 г.),USA-VEN_2025-01-03_control.csv,60
1.6534157637591473,-0.6190276597374152,2.267131917966255,-0.9240783475826118,-2.3710728229073164,-4.279082190853453,0.5285816108339273,4.8860434165105415,0.02238705783336065,927.0,USA-VEN,2026-01-03,1,Операция США против Мадуро,USA-VEN_2026-01-03.csv,60
